{"cameraMode":{"drawMode":0,"name":"Shaded","section":"Shading Mode"},"sceneLighting":false,"audioPlay":false,"sceneViewState":{"showFog":true,"showMaterialUpdate":false,"showSkybox":true,"showFlares":true,"showImageEffects":true,"showParticleSystems":true},"in2DMode":false,"pivot":{"x":2.5419704914093019,"y":0.000007314920367207378,"z":0.2596842050552368},"rotation":{"x":-0.12593121826648713,"y":0.025886811316013337,"z":-0.0032850364223122598,"w":-0.991695761680603},"size":22.0,"orthographic":false}