{"cameraMode":{"drawMode":0,"name":"Shaded","section":"Shading Mode"},"sceneLighting":false,"audioPlay":false,"sceneViewState":{"showFog":true,"showMaterialUpdate":false,"showSkybox":true,"showFlares":true,"showImageEffects":true,"showParticleSystems":true},"in2DMode":false,"pivot":{"x":-0.06500005722045899,"y":5.784999847412109,"z":0.0},"rotation":{"x":-0.11255339533090592,"y":-0.017291124910116197,"z":0.0019594142213463785,"w":-0.9934933185577393},"size":23.959102630615236,"orthographic":false}